type,title,country,date_added,release_year,rating,duration,genre
TV Show,Port Protection Alaska,United States,2021-11-24T00:00:00Z,2015,TV-14,2 Seasons,"Docuseries, Reality, Survival"
TV Show,Secrets of the Zoo: Tampa,United States,2021-11-24T00:00:00Z,2019,TV-PG,2 Seasons,"Animals & Nature, Docuseries, Family"
TV Show,"Dr. Oakley, Yukon Vet",United States,2021-11-17T00:00:00Z,2013,TV-PG,10 Seasons,"Action-Adventure, Animals & Nature, Docuseries"
TV Show,Disney Fancy Nancy,United States,2021-11-12T00:00:00Z,2018,TV-PG,3 Seasons,"Animation, Kids"
TV Show,Disney Fancy Nancy,Canada,2021-11-12T00:00:00Z,2018,TV-PG,3 Seasons,"Animation, Kids"
TV Show,Disney Amphibia,United States,2021-11-03T00:00:00Z,2018,TV-Y7,3 Seasons,"Animation, Comedy, Family"
TV Show,Disney Amphibia,South Korea,2021-11-03T00:00:00Z,2018,TV-Y7,3 Seasons,"Animation, Comedy, Family"
TV Show,Photo Ark,United States,2021-11-03T00:00:00Z,2017,TV-PG,1 Season,"Animals & Nature, Docuseries, Family"
TV Show,PJ Masks,France,2021-10-20T00:00:00Z,2015,TV-Y7,5 Seasons,"Action-Adventure, Animation, Kids"
TV Show,PJ Masks,United Kingdom,2021-10-20T00:00:00Z,2015,TV-Y7,5 Seasons,"Action-Adventure, Animation, Kids"
TV Show,Drain the Oceans,United Kingdom,2021-10-06T00:00:00Z,2017,TV-PG,4 Seasons,"Docuseries, Historical"
TV Show,Drain the Oceans,Australia,2021-10-06T00:00:00Z,2017,TV-PG,4 Seasons,"Docuseries, Historical"
TV Show,IMPACT with Gal Gadot,United States,2021-10-06T00:00:00Z,2021,TV-14,1 Season,Docuseries
TV Show,The Ghost and Molly McGee,United States,2021-10-06T00:00:00Z,2021,TV-Y7,1 Season,"Animation, Buddy, Coming of Age"
TV Show,Disney Vampirina,Ireland,2021-09-29T00:00:00Z,2017,TV-Y7,3 Seasons,"Animation, Fantasy, Kids"
TV Show,Disney Vampirina,United States,2021-09-29T00:00:00Z,2017,TV-Y7,3 Seasons,"Animation, Fantasy, Kids"
TV Show,Disney's Magic Bake-Off,United States,2021-09-29T00:00:00Z,2021,TV-G,1 Season,"Family, Game Show / Competition"
TV Show,Rolie Polie Olie,Canada,2021-09-29T00:00:00Z,1998,TV-Y,5 Seasons,"Animation, Science Fiction"
TV Show,Rolie Polie Olie,United States,2021-09-29T00:00:00Z,1998,TV-Y,5 Seasons,"Animation, Science Fiction"
TV Show,Rolie Polie Olie,France,2021-09-29T00:00:00Z,1998,TV-Y,5 Seasons,"Animation, Science Fiction"
TV Show,The Simpsons,United States,2021-09-29T00:00:00Z,1989,TV-PG,32 Seasons,"Animation, Comedy"
TV Show,Dog: Impossible,United States,2021-09-22T00:00:00Z,2019,TV-PG,2 Seasons,"Animals & Nature, Docuseries, Family"
TV Show,Spidey And His Amazing Friends,United States,2021-09-22T00:00:00Z,2021,TV-Y,1 Season,"Action-Adventure, Animation, Kids"
TV Show,Life Below Zero,United States,2021-09-15T00:00:00Z,2012,TV-14,16 Seasons,"Action-Adventure, Animals & Nature, Docuseries"
TV Show,Miraculous: Tales Of Ladybug & Cat Noir,France,2021-09-15T00:00:00Z,2015,TV-Y7,1 Season,"Action-Adventure, Animation, Fantasy"
TV Show,Miraculous: Tales Of Ladybug & Cat Noir,South Korea,2021-09-15T00:00:00Z,2015,TV-Y7,1 Season,"Action-Adventure, Animation, Fantasy"
TV Show,Miraculous: Tales Of Ladybug & Cat Noir,Japan,2021-09-15T00:00:00Z,2015,TV-Y7,1 Season,"Action-Adventure, Animation, Fantasy"
TV Show,Miraculous: Tales Of Ladybug & Cat Noir,United States,2021-09-15T00:00:00Z,2015,TV-Y7,1 Season,"Action-Adventure, Animation, Fantasy"
TV Show,"Doogie Kamealoha, M.D.",United States,2021-09-08T00:00:00Z,2021,TV-PG,1 Season,"Comedy, Coming of Age, Family"
TV Show,"Mira, Royal Detective",United States,2021-09-08T00:00:00Z,2020,TV-Y,2 Seasons,"Animation, Fantasy, Kids"
TV Show,Pepper Ann,United States,2021-09-08T00:00:00Z,1997,TV-Y,3 Seasons,"Animation, Comedy, Coming of Age"
TV Show,The Incredible Dr. Pol,United States,2021-09-08T00:00:00Z,2011,TV-14,19 Seasons,"Animals & Nature, Docuseries, Family"
TV Show,Alaska Animal Rescue,United States,2021-09-01T00:00:00Z,2019,TV-PG,2 Seasons,"Animals & Nature, Docuseries, Family"
TV Show,Dug Days,United States,2021-09-01T00:00:00Z,2021,TV-PG,1 Season,"Animation, Comedy, Family"
TV Show,Gigantosaurus,France,2021-08-25T00:00:00Z,2018,TV-Y,2 Seasons,"Action-Adventure, Animation, Kids"
TV Show,Life Below Zero: Next Generation,United States,2021-08-25T00:00:00Z,2020,TV-14,2 Seasons,"Action-Adventure, Animals & Nature, Docuseries"
TV Show,Chicken Squad,United States,2021-08-11T00:00:00Z,2021,TV-Y,1 Season,"Animation, Kids, Police/Cop"
TV Show,Gabby Duran And The Unsittables,United States,2021-08-11T00:00:00Z,2018,TV-G,2 Seasons,"Comedy, Family, Science Fiction"
TV Show,Critter Fixers: Country Vets,United States,2021-07-28T00:00:00Z,2020,TV-14,2 Seasons,"Animals & Nature, Docuseries, Family"
TV Show,Disney Junior T.O.T.S.,United States,2021-07-28T00:00:00Z,2018,TV-Y,2 Seasons,"Animation, Buddy, Kids"
TV Show,Mickey Mouse Funhouse,United States,2021-07-28T00:00:00Z,2021,TV-Y,1 Season,"Animation, Kids"
TV Show,Disney The Owl House,United States,2021-07-21T00:00:00Z,2020,TV-Y7,2 Seasons,"Action-Adventure, Animation, Anime"
TV Show,Disney The Owl House,United Kingdom,2021-07-21T00:00:00Z,2020,TV-Y7,2 Seasons,"Action-Adventure, Animation, Anime"
TV Show,So Random!,United States,2021-07-14T00:00:00Z,2011,TV-G,1 Season,"Comedy, Coming of Age"
TV Show,When Sharks Attack,United States,2021-07-09T00:00:00Z,2013,TV-14,7 Seasons,Reality
TV Show,Breaking Bobby Bones,United States,2021-07-07T00:00:00Z,2021,TV-14,1 Season,"Action-Adventure, Docuseries, Reality"
TV Show,Mickey Mouse Mixed-Up Adventures,United States,2021-07-07T00:00:00Z,2019,TV-Y,1 Season,"Animation, Kids, Sports"
TV Show,Monsters at Work,United States,2021-07-07T00:00:00Z,2021,TV-G,1 Season,"Animation, Comedy, Family"
TV Show,Disney Raven's Home,United States,2021-07-02T00:00:00Z,2016,TV-G,4 Seasons,"Comedy, Family, Fantasy"
TV Show,Running Wild with Bear Grylls,United States,2021-06-25T00:00:00Z,2019,TV-PG,2 Seasons,"Action-Adventure, Reality, Survival"
TV Show,The Mysterious Benedict Society,United States,2021-06-25T00:00:00Z,2021,TV-PG,1 Season,"Action-Adventure, Family"
TV Show,Dino Ranch,Canada,2021-06-18T00:00:00Z,2021,TV-Y,1 Season,"Animation, Kids, Western"
TV Show,Disney Just Roll With It,United States,2021-06-18T00:00:00Z,2018,TV-Y7,2 Seasons,"Comedy, Family"
TV Show,"Heartland Docs, DVM",United States,2021-06-18T00:00:00Z,2019,TV-14,3 Seasons,"Animals & Nature, Docuseries, Family"
TV Show,Puppy Dog Pals,United States,2021-06-11T00:00:00Z,2016,TV-G,4 Seasons,"Animation, Kids"
TV Show,Puppy Dog Pals,India,2021-06-11T00:00:00Z,2016,TV-G,4 Seasons,"Animation, Kids"
TV Show,Zenimation,United States,2021-06-11T00:00:00Z,2020,TV-G,2 Seasons,"Animation, Anthology, Family"
TV Show,Gordon Ramsay: Uncharted,United States,2021-06-04T00:00:00Z,2018,TV-14,3 Seasons,"Action-Adventure, Docuseries, Lifestyle"
TV Show,MUPPET BABIES,South Korea,2021-06-04T00:00:00Z,2017,TV-Y,3 Seasons,"Animation, Kids"
TV Show,MUPPET BABIES,United States,2021-06-04T00:00:00Z,2017,TV-Y,3 Seasons,"Animation, Kids"
TV Show,MUPPET BABIES,China,2021-06-04T00:00:00Z,2017,TV-Y,3 Seasons,"Animation, Kids"
TV Show,MUPPET BABIES,Japan,2021-06-04T00:00:00Z,2017,TV-Y,3 Seasons,"Animation, Kids"
TV Show,Bluey,Australia,2021-05-28T00:00:00Z,2019,TV-Y,2 Seasons,"Animation, Kids"
TV Show,Bluey,United Kingdom,2021-05-28T00:00:00Z,2019,TV-Y,2 Seasons,"Animation, Kids"
TV Show,Disney Sydney To The Max,United States,2021-05-28T00:00:00Z,2018,TV-G,3 Seasons,"Comedy, Coming of Age, Family"
TV Show,Wicked Tuna,United States,2021-05-28T00:00:00Z,2016,TV-14,10 Seasons,"Action-Adventure, Animals & Nature, Docuseries"
TV Show,Big City Greens,United States,2021-05-21T00:00:00Z,2017,TV-Y7,2 Seasons,"Action-Adventure, Animation, Comedy"
TV Show,Big City Greens,South Korea,2021-05-21T00:00:00Z,2017,TV-Y7,2 Seasons,"Action-Adventure, Animation, Comedy"
TV Show,Ice Road Rescue,United Kingdom,2021-05-21T00:00:00Z,2015,TV-14,5 Seasons,"Docuseries, Reality, Survival"
TV Show,Schoolhouse Rock!,United States,2021-05-17T00:00:00Z,1973,TV-G,6 Seasons,"Animals & Nature, Animation, Kids"
TV Show,Race to the Center of the Earth,United States,2021-05-14T00:00:00Z,2021,TV-14,1 Season,"Action-Adventure, Family, Game Show / Competition"
TV Show,Special Agent Oso,United States,2021-05-14T00:00:00Z,2009,TV-Y,2 Seasons,"Action-Adventure, Animation, Kids"
TV Show,Special Agent Oso,United Kingdom,2021-05-14T00:00:00Z,2009,TV-Y,2 Seasons,"Action-Adventure, Animation, Kids"
TV Show,Special Agent Oso,South Korea,2021-05-14T00:00:00Z,2009,TV-Y,2 Seasons,"Action-Adventure, Animation, Kids"
TV Show,The Incredible Hulk,United States,2021-05-10T00:00:00Z,1996,TV-Y7,2 Seasons,"Action-Adventure, Animation, Kids"
TV Show,Wander Over Yonder,United States,2021-05-07T00:00:00Z,2013,TV-Y7,2 Seasons,Comedy
TV Show,Wander Over Yonder,Canada,2021-05-07T00:00:00Z,2013,TV-Y7,2 Seasons,Comedy
TV Show,Wander Over Yonder,Ireland,2021-05-07T00:00:00Z,2013,TV-Y7,2 Seasons,Comedy
TV Show,Spider-Man,United States,2021-05-03T00:00:00Z,1994,TV-Y7,5 Seasons,"Action-Adventure, Animation, Kids"
TV Show,DuckTales,United States,2021-04-30T00:00:00Z,2017,TV-Y7,3 Seasons,"Action-Adventure, Animation, Comedy"
TV Show,Liv and Maddie,United States,2021-04-23T00:00:00Z,2013,TV-G,4 Seasons,"Comedy, Coming of Age, Kids"
TV Show,Primal Survivor,United States,2021-04-16T00:00:00Z,2014,TV-PG,5 Seasons,"Docuseries, Reality, Survival"
TV Show,Future-Worm!,United States,2021-04-09T00:00:00Z,2016,TV-Y7,1 Season,"Family, Kids"
TV Show,Kick Buttowski: Suburban Daredevil,United States,2021-04-09T00:00:00Z,2010,TV-Y7,2 Seasons,"Action-Adventure, Animation"
TV Show,Higglytown Heroes,United States,2021-04-02T00:00:00Z,2004,TV-Y,2 Seasons,"Animation, Kids, Musical"
TV Show,Higglytown Heroes,South Korea,2021-04-02T00:00:00Z,2004,TV-Y,2 Seasons,"Animation, Kids, Musical"
TV Show,Made in a Day,United States,2021-04-02T00:00:00Z,2020,TV-PG,1 Season,Reality
TV Show,Walk the Prank,United States,2021-04-02T00:00:00Z,2016,TV-Y7,3 Seasons,"Comedy, Reality"
TV Show,Pickle and Peanut,United States,2021-03-26T00:00:00Z,2015,TV-Y7,2 Seasons,Comedy
TV Show,Disney Big Hero 6 The Series,United States,2021-03-19T00:00:00Z,2017,TV-G,3 Seasons,"Action-Adventure, Animation, Kids"
TV Show,American Dragon: Jake Long,United States,2021-02-26T00:00:00Z,2004,TV-Y7,2 Seasons,"Action-Adventure, Animation, Comedy"
TV Show,Car SOS,United Kingdom,2021-02-26T00:00:00Z,2012,TV-PG,8 Seasons,"Buddy, Comedy, Docuseries"
TV Show,Dog With a Blog,United States,2021-02-26T00:00:00Z,2012,TV-G,3 Seasons,"Comedy, Fantasy"
TV Show,Pair of Kings,United States,2021-02-26T00:00:00Z,2010,TV-Y7,3 Seasons,"Action-Adventure, Comedy, Coming of Age"
TV Show,Secrets of Sulphur Springs,United States,2021-02-26T00:00:00Z,2021,TV-PG,1 Season,"Family, Fantasy, Mystery"
TV Show,The Muppet Show,United States,2021-02-19T00:00:00Z,1976,TV-PG,5 Seasons,"Comedy, Family, Variety"
TV Show,The Muppet Show,United Kingdom,2021-02-19T00:00:00Z,1976,TV-PG,5 Seasons,"Comedy, Family, Variety"
TV Show,Marvel Battleworld: Mystery of the Thanostones,United States,2021-02-12T00:00:00Z,2020,TV-Y7-FV,1 Season,"Action-Adventure, Animation, Fantasy"
TV Show,Dinosaurs,United States,2021-01-29T00:00:00Z,1991,TV-PG,4 Seasons,"Comedy, Family"
TV Show,Pixar Popcorn,United States,2021-01-22T00:00:00Z,2021,TV-PG,1 Season,"Animation, Anthology, Family"
TV Show,Elena of Avalor,United States,2021-01-15T00:00:00Z,2015,TV-Y7,3 Seasons,"Action-Adventure, Animation, Fantasy"
TV Show,WandaVision,United States,2021-01-15T00:00:00Z,2021,TV-14,1 Season,"Drama, Fantasy, Mystery"
TV Show,Disney Fam Jam,United States,2021-01-08T00:00:00Z,2020,TV-G,1 Season,"Family, Game Show / Competition, Reality"
TV Show,Marvel Studios LEGENDS,United States,2021-01-08T00:00:00Z,2021,TV-14,1 Season,"Action-Adventure, Docuseries, Fantasy"
TV Show,Cosmos: Possible Worlds,United States,2020-12-25T00:00:00Z,2020,TV-14,1 Season,"Action-Adventure, Docuseries, Family"
TV Show,Disney Gallery / Star Wars: The Mandalorian,United States,2020-12-25T00:00:00Z,2020,TV-PG,2 Seasons,"Action-Adventure, Docuseries, Family"
TV Show,On Pointe,United States,2020-12-18T00:00:00Z,2020,TV-PG,1 Season,"Docuseries, Family"
TV Show,Once Upon a Time in Wonderland,Canada,2020-11-27T00:00:00Z,2013,TV-PG,1 Season,"Action-Adventure, Fantasy, Soap Opera / Melodrama"
TV Show,Once Upon a Time in Wonderland,United States,2020-11-27T00:00:00Z,2013,TV-PG,1 Season,"Action-Adventure, Fantasy, Soap Opera / Melodrama"
TV Show,Bia,Argentina,2020-11-20T00:00:00Z,2019,TV-G,1 Season,"Coming of Age, Drama, Music"
TV Show,Marvel's 616,United States,2020-11-20T00:00:00Z,2020,TV-14,1 Season,"Anthology, Docuseries"
TV Show,The Wonderful World of Mickey Mouse,United States,2020-11-18T00:00:00Z,2020,TV-G,1 Season,"Action-Adventure, Animation, Anthology"
TV Show,Inside Pixar,United States,2020-11-13T00:00:00Z,2020,TV-PG,1 Season,"Docuseries, Family"
TV Show,Goldie & Bear,United States,2020-11-06T00:00:00Z,2015,TV-Y,2 Seasons,"Action-Adventure, Animation, Buddy"
TV Show,The Mandalorian,United States,2020-10-30T00:00:00Z,2019,TV-14,2 Seasons,"Action-Adventure, Family, Science Fiction"
TV Show,X-Ray Earth,United States,2020-10-30T00:00:00Z,2020,TV-PG,1 Season,"Animals & Nature, Docuseries, Reality"
TV Show,Gathering Storm,United States,2020-10-23T00:00:00Z,2020,TV-PG,1 Season,"Animals & Nature, Docuseries"
TV Show,Marvel Super Hero Adventures,United States,2020-10-23T00:00:00Z,2017,TV-Y,4 Seasons,"Action-Adventure, Animation, Kids"
TV Show,Meet The Chimps,United States,2020-10-16T00:00:00Z,2020,TV-PG,1 Season,"Animals & Nature, Docuseries, Family"
TV Show,The Rocketeer,United States,2020-10-16T00:00:00Z,2019,TV-Y,1 Season,"Action-Adventure, Animation, Kids"
TV Show,The Right Stuff,United States,2020-10-09T00:00:00Z,2020,TV-14,1 Season,"Drama, Historical"
TV Show,Magic of Disney's Animal Kingdom,United Kingdom,2020-09-25T00:00:00Z,2020,TV-PG,1 Season,"Animals & Nature, Docuseries, Family"
TV Show,Ancient China from Above,United States,2020-09-18T00:00:00Z,2020,TV-14,1 Season,"Docuseries, Historical"
TV Show,Becoming,United States,2020-09-18T00:00:00Z,2020,TV-PG,1 Season,"Anthology, Docuseries, Family"
TV Show,Coop & Cami Ask The World,United States,2020-09-18T00:00:00Z,2018,TV-G,2 Seasons,"Comedy, Family, Kids"
TV Show,Europe from Above,United Kingdom,2020-09-18T00:00:00Z,2019,TV-G,1 Season,"Docuseries, Reality"
TV Show,Kingdom of the Mummies,United States,2020-09-18T00:00:00Z,2020,TV-14,1 Season,"Docuseries, Historical, Reality"
TV Show,Once Upon a Time,United States,2020-09-18T00:00:00Z,2011,TV-PG,7 Seasons,"Action-Adventure, Fantasy, Soap Opera / Melodrama"
TV Show,Soy Luna,Argentina,2020-09-18T00:00:00Z,2015,TV-G,3 Seasons,"Comedy, Coming of Age, Drama"
TV Show,Soy Luna,Mexico,2020-09-18T00:00:00Z,2015,TV-G,3 Seasons,"Comedy, Coming of Age, Drama"
TV Show,Violetta,Argentina,2020-09-18T00:00:00Z,2011,TV-G,3 Seasons,"Coming of Age, Drama, Music"
TV Show,Earth to Ned,United States,2020-09-04T00:00:00Z,2020,TV-PG,1 Season,"Comedy, Parody, Science Fiction"
TV Show,Jungle Animal Rescue,United States,2020-08-14T00:00:00Z,2019,TV-PG,1 Season,"Animals & Nature, Docuseries, Family"
TV Show,Nature Boom Time,United States,2020-08-14T00:00:00Z,2016,TV-G,1 Season,"Animals & Nature, Docuseries, Kids"
TV Show,Sam's Zookeeper Challenge,United States,2020-08-14T00:00:00Z,2018,TV-G,1 Season,"Animals & Nature, Docuseries, Family"
TV Show,Scuba Sam's World,United States,2020-08-14T00:00:00Z,2018,TV-G,1 Season,"Animals & Nature, Docuseries, Kids"
TV Show,Weird But True!,United States,2020-08-14T00:00:00Z,2017,TV-G,3 Seasons,"Animals & Nature, Kids, Variety"
TV Show,Wild Cats of India,United States,2020-08-14T00:00:00Z,2020,TV-PG,1 Season,"Animals & Nature, Docuseries, Family"
TV Show,King Fishers,United Kingdom,2020-07-31T00:00:00Z,2013,TV-PG,1 Season,"Action-Adventure, Animals & Nature, Docuseries"
TV Show,Muppets Now,United States,2020-07-31T00:00:00Z,2020,TV-PG,1 Season,"Comedy, Family, Lifestyle"
TV Show,Wild Sri Lanka,United Kingdom,2020-07-24T00:00:00Z,2016,TV-PG,1 Season,"Animals & Nature, Docuseries"
TV Show,Super Robot Monkey Team Hyperforce Go!,United States,2020-07-17T00:00:00Z,2004,TV-Y7,2 Seasons,"Action-Adventure, Animation, Anime"
TV Show,Super Robot Monkey Team Hyperforce Go!,Japan,2020-07-17T00:00:00Z,2004,TV-Y7,2 Seasons,"Action-Adventure, Animation, Anime"
TV Show,Wild Chile,United Kingdom,2020-07-17T00:00:00Z,2017,TV-PG,1 Season,"Animals & Nature, Docuseries, Family"
TV Show,Cosmos: A Spacetime Odyssey,United States,2020-07-10T00:00:00Z,2013,TV-PG,1 Season,"Action-Adventure, Docuseries, Family"
TV Show,Animal ER,United States,2020-07-03T00:00:00Z,2016,TV-PG,2 Seasons,"Animals & Nature, Docuseries, Family"
TV Show,Disney A.N.T. Farm,United States,2020-06-26T00:00:00Z,2011,TV-G,3 Seasons,"Comedy, Coming of Age, Music"
TV Show,Into the Unknown: Making Frozen 2,United States,2020-06-26T00:00:00Z,2020,TV-PG,1 Season,"Docuseries, Family"
TV Show,Mighty Med,United States,2020-06-12T00:00:00Z,2013,TV-Y7,2 Seasons,"Comedy, Coming of Age, Medical"
TV Show,Alaska's Grizzly Gauntlet,United States,2020-06-05T00:00:00Z,2018,TV-PG,1 Season,"Animals & Nature, Docuseries, Family"
TV Show,Howie Mandel's Animals Doing Things,United States,2020-06-05T00:00:00Z,2017,TV-PG,2 Seasons,"Animals & Nature, Comedy, Family"
TV Show,Japan: Between Earth and Sky,France,2020-06-05T00:00:00Z,2017,TV-PG,1 Season,"Animals & Nature, Docuseries"
TV Show,Japan: Between Earth and Sky,Japan,2020-06-05T00:00:00Z,2017,TV-PG,1 Season,"Animals & Nature, Docuseries"
TV Show,Secrets of Wild India,United Kingdom,2020-06-05T00:00:00Z,2012,TV-PG,1 Season,"Animals & Nature, Docuseries, Family"
TV Show,The Greeks,United States,2020-06-05T00:00:00Z,2016,TV-PG,1 Season,"Docuseries, Historical"
TV Show,Wild Hawaii,United States,2020-06-05T00:00:00Z,2014,TV-PG,1 Season,"Animals & Nature, Docuseries, Family"
TV Show,The Evermoor Chronicles,United Kingdom,2020-05-29T00:00:00Z,2015,TV-PG,2 Seasons,"Coming of Age, Fantasy, Mystery"
TV Show,The Evermoor Chronicles,United States,2020-05-29T00:00:00Z,2015,TV-PG,2 Seasons,"Coming of Age, Fantasy, Mystery"
TV Show,Doc McStuffins,United States,2020-05-22T00:00:00Z,2011,TV-Y7,5 Seasons,"Animation, Kids, Medical"
TV Show,Doc McStuffins,Ireland,2020-05-22T00:00:00Z,2011,TV-Y7,5 Seasons,"Animation, Kids, Medical"
TV Show,The Big Fib,United States,2020-05-22T00:00:00Z,2019,TV-PG,1 Season,"Family, Game Show / Competition"
TV Show,It's a Dog's Life with Bill Farmer,United States,2020-05-15T00:00:00Z,2020,TV-PG,1 Season,"Animals & Nature, Docuseries, Family"
TV Show,Birth of Europe,United Kingdom,2020-05-01T00:00:00Z,2014,TV-G,1 Season,Docuseries
TV Show,Disney Prop Culture,United States,2020-05-01T00:00:00Z,2020,TV-PG,1 Season,Docuseries
TV Show,Lost Treasures Of Egypt,United Kingdom,2020-05-01T00:00:00Z,2018,TV-PG,1 Season,"Docuseries, Historical"
TV Show,Love & Vets,United States,2020-05-01T00:00:00Z,2017,TV-PG,1 Season,"Animals & Nature, Docuseries, Family"
TV Show,Prairie Dog Manor,United States,2020-05-01T00:00:00Z,2019,TV-PG,1 Season,"Animals & Nature, Docuseries, Reality"
TV Show,United States Of Animals,United States,2020-05-01T00:00:00Z,2015,TV-PG,1 Season,"Animals & Nature, Docuseries, Family"
TV Show,Unlikely Animal Friends,United States,2020-05-01T00:00:00Z,2012,TV-G,3 Seasons,"Animals & Nature, Docuseries, Family"
TV Show,America's Funniest Home Videos,United States,2020-04-24T00:00:00Z,1989,TV-PG,9 Seasons,"Comedy, Family, Fantasy"
TV Show,Tangled: The Series,United States,2020-04-23T00:00:00Z,2016,TV-Y7,3 Seasons,"Action-Adventure, Animation, Comedy"
TV Show,Brain Games,United States,2020-04-17T00:00:00Z,2011,TV-G,8 Seasons,"Docuseries, Family, Game Show / Competition"
TV Show,Tron Uprising,United States,2020-04-14T00:00:00Z,2011,TV-Y7,1 Season,"Action-Adventure, Animation, Kids"
TV Show,Tut's Treasures: Hidden Secrets,United Kingdom,2020-04-10T00:00:00Z,2018,TV-PG,1 Season,"Docuseries, Historical"
TV Show,Fish Hooks,United States,2020-04-03T00:00:00Z,2010,TV-G,3 Seasons,"Animation, Comedy, Coming of Age"
TV Show,Sonny With A Chance,United States,2020-04-03T00:00:00Z,2008,TV-G,2 Seasons,"Comedy, Coming of Age, Romance"
TV Show,Disney I Didn't Do It,United States,2020-03-20T00:00:00Z,2013,TV-G,2 Seasons,"Comedy, Family"
TV Show,Disney Insider,United States,2020-03-20T00:00:00Z,2020,TV-PG,1 Season,"Anthology, Docuseries"
TV Show,101 Dalmatian Street,United Kingdom,2020-02-28T00:00:00Z,2018,TV-Y7,1 Season,"Action-Adventure, Animation, Comedy"
TV Show,101 Dalmatian Street,United States,2020-02-28T00:00:00Z,2018,TV-Y7,1 Season,"Action-Adventure, Animation, Comedy"
TV Show,101 Dalmatian Street,Canada,2020-02-28T00:00:00Z,2018,TV-Y7,1 Season,"Action-Adventure, Animation, Comedy"
TV Show,Star Wars Resistance,United States,2020-02-25T00:00:00Z,2018,TV-Y7,2 Seasons,"Action-Adventure, Animation, Kids"
TV Show,Lost Cities With Albert Lin,United States,2020-02-21T00:00:00Z,2019,TV-PG,1 Season,"Action-Adventure, Docuseries, Historical"
TV Show,Star Wars: The Clone Wars,United States,2020-02-21T00:00:00Z,2008,TV-PG,7 Seasons,"Action-Adventure, Animation, Science Fiction"
TV Show,Fairy Tale Weddings,United States,2020-02-14T00:00:00Z,2017,TV-PG,2 Seasons,"Docuseries, Family, Lifestyle"
TV Show,That's So Raven,United States,2020-02-08T00:00:00Z,2002,TV-G,4 Seasons,"Comedy, Coming of Age, Fantasy"
TV Show,Diary of a Future President,United States,2020-01-17T00:00:00Z,2020,TV-PG,2 Seasons,"Comedy, Coming of Age, Family"
TV Show,America's National Parks,United States,2020-01-15T00:00:00Z,2015,TV-14,1 Season,"Animals & Nature, Docuseries"
TV Show,Continent 7: Antarctica,United States,2020-01-15T00:00:00Z,2016,TV-PG,1 Season,"Action-Adventure, Animals & Nature, Docuseries"
TV Show,Disney Randy Cunningham: 9th Grade Ninja,United Kingdom,2020-01-15T00:00:00Z,2011,TV-Y7,2 Seasons,"Action-Adventure, Animation, Comedy"
TV Show,Disney Randy Cunningham: 9th Grade Ninja,United States,2020-01-15T00:00:00Z,2011,TV-Y7,2 Seasons,"Action-Adventure, Animation, Comedy"
TV Show,Disney Randy Cunningham: 9th Grade Ninja,Ireland,2020-01-15T00:00:00Z,2011,TV-Y7,2 Seasons,"Action-Adventure, Animation, Comedy"
TV Show,The Lodge,United Kingdom,2020-01-15T00:00:00Z,2016,TV-G,2 Seasons,"Coming of Age, Drama, Musical"
TV Show,Marvel's Runaways,United States,2020-01-10T00:00:00Z,2017,TV-14,3 Seasons,"Coming of Age, Drama, Science Fiction"
TV Show,Austin & Ally,United States,2020-01-01T00:00:00Z,2011,TV-G,4 Seasons,"Comedy, Coming of Age, Kids"
TV Show,Billy Dilley's Super-Duper Subterranean Summer,United States,2020-01-01T00:00:00Z,2016,TV-Y7,1 Season,"Animation, Comedy, Fantasy"
TV Show,One Strange Rock,United States,2020-01-01T00:00:00Z,2017,TV-PG,1 Season,"Animals & Nature, Docuseries, Family"
TV Show,The Proud Family,United States,2020-01-01T00:00:00Z,2001,TV-G,2 Seasons,"Animation, Comedy, Coming of Age"
TV Show,The Super Hero Squad,United States,2020-01-01T00:00:00Z,2009,TV-Y7,2 Seasons,"Action-Adventure, Animation, Comedy"
TV Show,Year Million,United States,2020-01-01T00:00:00Z,2016,TV-PG,1 Season,"Docuseries, Science Fiction"
TV Show,Pick of the Litter,United States,2019-12-20T00:00:00Z,2019,TV-PG,1 Season,"Animals & Nature, Docuseries, Family"
TV Show,Disney The Lion Guard,United States,2019-12-03T00:00:00Z,2015,TV-Y,3 Seasons,"Action-Adventure, Animation, Comedy"
TV Show,Disney Star vs. the Forces of Evil,United States,2019-12-01T00:00:00Z,2014,TV-Y7,4 Seasons,"Action-Adventure, Animation, Comedy"
TV Show,Henry Hugglemonster,Ireland,2019-12-01T00:00:00Z,2012,TV-Y,2 Seasons,"Animation, Fantasy, Kids"
TV Show,Henry Hugglemonster,United Kingdom,2019-12-01T00:00:00Z,2012,TV-Y,2 Seasons,"Animation, Fantasy, Kids"
TV Show,Henry Hugglemonster,United States,2019-12-01T00:00:00Z,2012,TV-Y,2 Seasons,"Animation, Fantasy, Kids"
TV Show,Henry Hugglemonster,South Korea,2019-12-01T00:00:00Z,2012,TV-Y,2 Seasons,"Animation, Fantasy, Kids"
TV Show,Henry Hugglemonster,Canada,2019-12-01T00:00:00Z,2012,TV-Y,2 Seasons,"Animation, Fantasy, Kids"
TV Show,Miles From Tomorrowland,United States,2019-12-01T00:00:00Z,2014,TV-Y,2 Seasons,"Action-Adventure, Animation, Kids"
TV Show,Sheriff Callie's Wild West,United States,2019-12-01T00:00:00Z,2011,TV-Y,2 Seasons,"Animation, Kids, Western"
TV Show,Sheriff Callie's Wild West,South Korea,2019-12-01T00:00:00Z,2011,TV-Y,2 Seasons,"Animation, Kids, Western"
TV Show,Sheriff Callie's Wild West,France,2019-12-01T00:00:00Z,2011,TV-Y,2 Seasons,"Animation, Kids, Western"
TV Show,Supercar Megabuild,United States,2019-12-01T00:00:00Z,2016,TV-PG,2 Seasons,"Buddy, Docuseries, Lifestyle"
TV Show,Andi Mack,United States,2019-11-12T00:00:00Z,2016,TV-G,3 Seasons,"Comedy, Coming of Age, Drama"
TV Show,Best Friends Whenever,United States,2019-11-12T00:00:00Z,2015,TV-G,2 Seasons,"Buddy, Comedy, Coming of Age"
TV Show,Bonkers,United States,2019-11-12T00:00:00Z,1993,TV-G,1 Season,"Animation, Comedy, Kids"
TV Show,Bonkers,Hong Kong,2019-11-12T00:00:00Z,1993,TV-G,1 Season,"Animation, Comedy, Kids"
TV Show,Bonkers,South Korea,2019-11-12T00:00:00Z,1993,TV-G,1 Season,"Animation, Comedy, Kids"
TV Show,Bonkers,France,2019-11-12T00:00:00Z,1993,TV-G,1 Season,"Animation, Comedy, Kids"
TV Show,Bonkers,Canada,2019-11-12T00:00:00Z,1993,TV-G,1 Season,"Animation, Comedy, Kids"
TV Show,Bonkers,China,2019-11-12T00:00:00Z,1993,TV-G,1 Season,"Animation, Comedy, Kids"
TV Show,Bonkers,United Kingdom,2019-11-12T00:00:00Z,1993,TV-G,1 Season,"Animation, Comedy, Kids"
TV Show,Bonkers,Australia,2019-11-12T00:00:00Z,1993,TV-G,1 Season,"Animation, Comedy, Kids"
TV Show,Bonkers,Japan,2019-11-12T00:00:00Z,1993,TV-G,1 Season,"Animation, Comedy, Kids"
TV Show,Bonkers,Taiwan,2019-11-12T00:00:00Z,1993,TV-G,1 Season,"Animation, Comedy, Kids"
TV Show,Bonkers,Philippines,2019-11-12T00:00:00Z,1993,TV-G,1 Season,"Animation, Comedy, Kids"
TV Show,Boy Meets World,United States,2019-11-12T00:00:00Z,1993,TV-PG,7 Seasons,"Comedy, Coming of Age, Family"
TV Show,Bug Juice: My Adventures at Camp,United States,2019-11-12T00:00:00Z,2017,TV-G,1 Season,"Coming of Age, Docuseries, Family"
TV Show,Chip 'n Dale's Rescue Rangers,United States,2019-11-12T00:00:00Z,1989,TV-G,1 Season,"Action-Adventure, Animation, Comedy"
TV Show,Chip 'n Dale's Rescue Rangers,Taiwan,2019-11-12T00:00:00Z,1989,TV-G,1 Season,"Action-Adventure, Animation, Comedy"
TV Show,Chip 'n Dale's Rescue Rangers,South Korea,2019-11-12T00:00:00Z,1989,TV-G,1 Season,"Action-Adventure, Animation, Comedy"
TV Show,Chip 'n Dale's Rescue Rangers,China,2019-11-12T00:00:00Z,1989,TV-G,1 Season,"Action-Adventure, Animation, Comedy"
TV Show,Chip 'n Dale's Rescue Rangers,Japan,2019-11-12T00:00:00Z,1989,TV-G,1 Season,"Action-Adventure, Animation, Comedy"
TV Show,Chip 'n Dale's Rescue Rangers,United Kingdom,2019-11-12T00:00:00Z,1989,TV-G,1 Season,"Action-Adventure, Animation, Comedy"
TV Show,Crash & Bernstein,United States,2019-11-12T00:00:00Z,2012,TV-Y7,2 Seasons,"Comedy, Fantasy, Kids"
TV Show,Darkwing Duck,United States,2019-11-12T00:00:00Z,1991,TV-Y7,2 Seasons,"Action-Adventure, Animation, Kids"
TV Show,Disney Bizaardvark,United States,2019-11-12T00:00:00Z,2015,TV-PG,3 Seasons,"Buddy, Comedy, Family"
TV Show,Disney Descendants Wicked World (Shorts),United States,2019-11-12T00:00:00Z,2015,TV-G,2 Seasons,"Animation, Coming of Age, Fantasy"
TV Show,Disney Family Sundays,United States,2019-11-12T00:00:00Z,2019,TV-G,1 Season,"Anthology, Family, Lifestyle"
TV Show,Disney Fast Layne,United States,2019-11-12T00:00:00Z,2018,TV-G,1 Season,"Action-Adventure, Animation, Comedy"
TV Show,Disney Gravity Falls,United States,2019-11-12T00:00:00Z,2011,TV-Y7,2 Seasons,"Action-Adventure, Animation, Comedy"
TV Show,Disney Jake and the Never Land Pirates,United States,2019-11-12T00:00:00Z,2010,TV-Y,4 Seasons,"Action-Adventure, Animation, Fantasy"
TV Show,Disney JONAS,United States,2019-11-12T00:00:00Z,2008,TV-G,2 Seasons,"Comedy, Family, Kids"
TV Show,Disney K.C. Undercover,United States,2019-11-12T00:00:00Z,2014,TV-Y7,3 Seasons,"Action-Adventure, Comedy, Kids"
TV Show,Disney Lab Rats: Elite Force,United States,2019-11-12T00:00:00Z,2015,TV-Y7,1 Season,"Action-Adventure, Comedy, Coming of Age"
TV Show,Disney Legend of the Three Caballeros,United States,2019-11-12T00:00:00Z,2017,TV-G,1 Season,"Action-Adventure, Animation, Comedy"
TV Show,Disney Mickey Mouse Clubhouse,United States,2019-11-12T00:00:00Z,2005,TV-Y,5 Seasons,"Animation, Kids"
TV Show,Disney Milo Murphy's Law,United States,2019-11-12T00:00:00Z,2016,TV-Y7,2 Seasons,"Action-Adventure, Animation, Comedy"
TV Show,Disney Minnie's Bow-Toons (Shorts),United States,2019-11-12T00:00:00Z,2011,TV-Y,3 Seasons,"Animation, Kids"
TV Show,Disney Stuck In The Middle,United States,2019-11-12T00:00:00Z,2015,TV-PG,3 Seasons,"Comedy, Coming of Age, Family"
TV Show,Disney Take Two With Phineas And Ferb (Shorts),United States,2019-11-12T00:00:00Z,2010,TV-G,1 Season,"Animation, Kids, Parody"
TV Show,Disney's Adventures Of The Gummi Bears,United States,2019-11-12T00:00:00Z,1985,TV-Y7,6 Seasons,"Action-Adventure, Animation, Fantasy"
TV Show,Disney's Doug,United States,2019-11-12T00:00:00Z,1996,TV-Y7,3 Seasons,"Animation, Comedy, Coming of Age"
TV Show,Disney's Hercules: The Animated Series,United States,2019-11-12T00:00:00Z,1998,TV-Y7,1 Season,"Action-Adventure, Animation, Comedy"
TV Show,Disney's Kim Possible,United States,2019-11-12T00:00:00Z,2001,TV-G,4 Seasons,"Action-Adventure, Animation, Comedy"
TV Show,Disney's Kim Possible,Philippines,2019-11-12T00:00:00Z,2001,TV-G,4 Seasons,"Action-Adventure, Animation, Comedy"
TV Show,Disney's Kim Possible,South Korea,2019-11-12T00:00:00Z,2001,TV-G,4 Seasons,"Action-Adventure, Animation, Comedy"
TV Show,Disney's Little Einsteins,United States,2019-11-12T00:00:00Z,2005,TV-Y,2 Seasons,"Action-Adventure, Animation, Kids"
TV Show,Disney's Mighty Ducks,United States,2019-11-12T00:00:00Z,1996,TV-Y7,1 Season,"Action-Adventure, Animation, Comedy"
TV Show,Disney's Recess,United States,2019-11-12T00:00:00Z,1997,TV-Y7,3 Seasons,"Animation, Comedy, Kids"
TV Show,Disney's The Emperor's New School,United States,2019-11-12T00:00:00Z,2005,TV-G,2 Seasons,"Animation, Comedy, Coming of Age"
TV Show,Disney's The Little Mermaid (Series),United States,2019-11-12T00:00:00Z,1992,TV-Y7,3 Seasons,"Action-Adventure, Animation, Fantasy"
TV Show,Dog Whisperer with Cesar Millan,United States,2019-11-12T00:00:00Z,2004,TV-G,6 Seasons,"Animals & Nature, Docuseries, Family"
TV Show,"Dr. T, Lone Star Vet",United States,2019-11-12T00:00:00Z,2019,TV-PG,1 Season,"Docuseries, Family, Medical"
TV Show,Encore!,United States,2019-11-12T00:00:00Z,2019,TV-14,1 Season,"Music, Reality"
TV Show,Even Stevens,United States,2019-11-12T00:00:00Z,2000,TV-PG,3 Seasons,"Comedy, Coming of Age, Kids"
TV Show,Fantastic Four (Series),United States,2019-11-12T00:00:00Z,1994,TV-Y7,1 Season,"Action-Adventure, Animation, Kids"
TV Show,Fantastic Four: World's Greatest Heroes,United States,2019-11-12T00:00:00Z,2007,TV-Y7,1 Season,"Action-Adventure, Animation, Kids"
TV Show,Gargoyles,United States,2019-11-12T00:00:00Z,1994,TV-Y7,3 Seasons,"Action-Adventure, Animation, Fantasy"
TV Show,Girl Meets World,United States,2019-11-12T00:00:00Z,2013,TV-G,3 Seasons,"Comedy, Coming of Age, Family"
TV Show,Good Luck Charlie,United States,2019-11-12T00:00:00Z,2009,TV-G,4 Seasons,"Comedy, Coming of Age, Family"
TV Show,Goof Troop,United States,2019-11-12T00:00:00Z,1992,TV-Y7,1 Season,"Animation, Comedy, Kids"
TV Show,Great Migrations,United States,2019-11-12T00:00:00Z,2010,TV-PG,1 Season,"Animals & Nature, Docuseries, Survival"
TV Show,Handy Manny,United States,2019-11-12T00:00:00Z,2006,TV-Y,3 Seasons,"Animation, Kids"
TV Show,Handy Manny,Canada,2019-11-12T00:00:00Z,2006,TV-Y,3 Seasons,"Animation, Kids"
TV Show,Hannah Montana,United States,2019-11-12T00:00:00Z,2005,TV-G,4 Seasons,"Comedy, Coming of Age, Kids"
TV Show,High School Musical: The Musical: The Series,United States,2019-11-12T00:00:00Z,2019,TV-PG,2 Seasons,"Comedy, Coming of Age, Drama"
TV Show,Hostile Planet,United States,2019-11-12T00:00:00Z,2019,TV-PG,1 Season,"Animals & Nature, Docuseries, Survival"
TV Show,Hulk and the Agents of S.M.A.S.H.,United States,2019-11-12T00:00:00Z,2012,TV-Y7,2 Seasons,"Action-Adventure, Animation, Comedy"
TV Show,Iron Man (Series),United States,2019-11-12T00:00:00Z,1994,TV-Y7,1 Season,"Action-Adventure, Animation, Kids"
TV Show,Iron Man Armored Adventures,Canada,2019-11-12T00:00:00Z,2008,TV-G,2 Seasons,"Action-Adventure, Animation, Coming of Age"
TV Show,Iron Man Armored Adventures,United States,2019-11-12T00:00:00Z,2008,TV-G,2 Seasons,"Action-Adventure, Animation, Coming of Age"
TV Show,Iron Man Armored Adventures,United Kingdom,2019-11-12T00:00:00Z,2008,TV-G,2 Seasons,"Action-Adventure, Animation, Coming of Age"
TV Show,Iron Man Armored Adventures,France,2019-11-12T00:00:00Z,2008,TV-G,2 Seasons,"Action-Adventure, Animation, Coming of Age"
TV Show,Iron Man Armored Adventures,Luxembourg,2019-11-12T00:00:00Z,2008,TV-G,2 Seasons,"Action-Adventure, Animation, Coming of Age"
TV Show,Jessie,United States,2019-11-12T00:00:00Z,2011,TV-PG,4 Seasons,"Comedy, Coming of Age, Family"
TV Show,Kickin' It,United States,2019-11-12T00:00:00Z,2010,TV-PG,4 Seasons,"Action-Adventure, Comedy, Coming of Age"
TV Show,Kingdom of the White Wolf,United States,2019-11-12T00:00:00Z,2019,TV-PG,1 Season,"Action-Adventure, Animals & Nature, Docuseries"
TV Show,Lab Rats,United States,2019-11-12T00:00:00Z,2011,TV-Y7,4 Seasons,"Action-Adventure, Comedy, Coming of Age"
TV Show,LEGO Disney Frozen: Northern Lights (Shorts),United States,2019-11-12T00:00:00Z,2016,TV-Y7,1 Season,"Action-Adventure, Animation, Comedy"
TV Show,LEGO Star Wars: All Stars,United States,2019-11-12T00:00:00Z,2018,TV-Y7,1 Season,"Action-Adventure, Animation, Comedy"
TV Show,LEGO Star Wars: Droid Tales,United States,2019-11-12T00:00:00Z,2014,TV-Y7,1 Season,"Action-Adventure, Animation, Comedy"
TV Show,LEGO Star Wars: Resistance Rises (Shorts),United States,2019-11-12T00:00:00Z,2015,TV-Y7-FV,1 Season,"Action-Adventure, Animation, Comedy"
TV Show,LEGO Star Wars: Resistance Rises (Shorts),Denmark,2019-11-12T00:00:00Z,2015,TV-Y7-FV,1 Season,"Action-Adventure, Animation, Comedy"
TV Show,LEGO Star Wars: The Freemaker Adventures,United States,2019-11-12T00:00:00Z,2015,TV-Y7,2 Seasons,"Action-Adventure, Animation, Comedy"
TV Show,Lizzie McGuire,United States,2019-11-12T00:00:00Z,2000,TV-G,2 Seasons,"Comedy, Coming of Age, Kids"
TV Show,Lost Treasures of the Maya,United States,2019-11-12T00:00:00Z,2018,TV-PG,1 Season,"Docuseries, Historical"
TV Show,Lost Treasures of the Maya,Guatemala,2019-11-12T00:00:00Z,2018,TV-PG,1 Season,"Docuseries, Historical"
TV Show,Marvel Comics X-Men,United States,2019-11-12T00:00:00Z,1992,TV-Y7,5 Seasons,"Action-Adventure, Animation, Fantasy"
TV Show,Marvel Comics X-Men,Canada,2019-11-12T00:00:00Z,1992,TV-Y7,5 Seasons,"Action-Adventure, Animation, Fantasy"
TV Show,Marvel Rising: Initiation (Shorts),United States,2019-11-12T00:00:00Z,2017,TV-Y7,1 Season,"Action-Adventure, Animation, Kids"
TV Show,Marvel Ultimate Spider-Man,United States,2019-11-12T00:00:00Z,2011,TV-Y7,4 Seasons,"Action-Adventure, Animation, Fantasy"
TV Show,Marvel's Agent Carter,United States,2019-11-12T00:00:00Z,2014,TV-14,2 Seasons,"Action-Adventure, Science Fiction, Spy/Espionage"
TV Show,Marvel's Ant-Man (Shorts),United States,2019-11-12T00:00:00Z,2016,TV-Y7,1 Season,"Action-Adventure, Animation, Comedy"
TV Show,Marvel's Avengers Assemble,United States,2019-11-12T00:00:00Z,2012,TV-Y7,5 Seasons,"Action-Adventure, Animation, Kids"
TV Show,Marvel's Guardians of the Galaxy (Series),United States,2019-11-12T00:00:00Z,2015,TV-Y7,3 Seasons,"Action-Adventure, Animation, Kids"
TV Show,Marvel's Hero Project,United States,2019-11-12T00:00:00Z,2019,TV-PG,1 Season,"Docuseries, Family"
TV Show,Marvel's Inhumans,United States,2019-11-12T00:00:00Z,2017,TV-14,1 Season,"Action-Adventure, Science Fiction, Superhero"
TV Show,Mickey Mouse (Shorts),United States,2019-11-12T00:00:00Z,2012,TV-G,5 Seasons,"Animation, Kids"
TV Show,Mickey Mouse Club (1955-59),United States,2019-11-12T00:00:00Z,1955,TV-PG,1 Season,"Family, Variety"
TV Show,Muppet Moments (Shorts),United States,2019-11-12T00:00:00Z,2014,TV-Y7,1 Season,"Anthology, Comedy, Kids"
TV Show,My Friends Tigger & Pooh,United States,2019-11-12T00:00:00Z,2006,TV-Y,2 Seasons,"Animation, Kids"
TV Show,Origins: The Journey of Humankind,United States,2019-11-12T00:00:00Z,2016,TV-14,1 Season,"Docuseries, Historical"
TV Show,Out of the Box,United States,2019-11-12T00:00:00Z,1998,TV-G,3 Seasons,Kids
TV Show,Phil of the Future,United States,2019-11-12T00:00:00Z,2003,TV-G,2 Seasons,"Comedy, Coming of Age, Kids"
TV Show,Phineas and Ferb,United States,2019-11-12T00:00:00Z,2007,TV-G,4 Seasons,"Action-Adventure, Animation, Comedy"
TV Show,Phineas and Ferb,South Korea,2019-11-12T00:00:00Z,2007,TV-G,4 Seasons,"Action-Adventure, Animation, Comedy"
TV Show,Phineas and Ferb,China,2019-11-12T00:00:00Z,2007,TV-G,4 Seasons,"Action-Adventure, Animation, Comedy"
TV Show,Phineas and Ferb,Taiwan,2019-11-12T00:00:00Z,2007,TV-G,4 Seasons,"Action-Adventure, Animation, Comedy"
TV Show,Pixar In Real Life,United States,2019-11-12T00:00:00Z,2019,TV-G,1 Season,"Anthology, Comedy, Family"
TV Show,Quack Pack,United States,2019-11-12T00:00:00Z,1996,TV-Y,1 Season,"Action-Adventure, Animation, Comedy"
TV Show,Rocky Mountain Animal Rescue,United States,2019-11-12T00:00:00Z,2018,TV-PG,1 Season,"Animals & Nature, Docuseries, Family"
TV Show,Shake It Up,United States,2019-11-12T00:00:00Z,2010,TV-G,3 Seasons,"Buddy, Comedy, Coming of Age"
TV Show,Silver Surfer,United States,2019-11-12T00:00:00Z,1997,TV-Y7,1 Season,"Action-Adventure, Animation, Kids"
TV Show,Silver Surfer,Canada,2019-11-12T00:00:00Z,1997,TV-Y7,1 Season,"Action-Adventure, Animation, Kids"
TV Show,So Weird,Canada,2019-11-12T00:00:00Z,1999,TV-Y7,3 Seasons,"Fantasy, Kids, Mystery"
TV Show,Spider-Man and His Amazing Friends,United States,2019-11-12T00:00:00Z,1982,TV-Y7,1 Season,"Action-Adventure, Animation, Kids"
TV Show,Spider-Man Unlimited,United States,2019-11-12T00:00:00Z,1999,TV-Y7,1 Season,"Action-Adventure, Animation, Kids"
TV Show,Spider-Man Unlimited,Canada,2019-11-12T00:00:00Z,1999,TV-Y7,1 Season,"Action-Adventure, Animation, Kids"
TV Show,Spider-Woman,United States,2019-11-12T00:00:00Z,1979,TV-Y7,1 Season,"Action-Adventure, Animation, Kids"
TV Show,Star Wars Forces of Destiny (Shorts),United States,2019-11-12T00:00:00Z,2016,TV-Y7,2 Seasons,"Action-Adventure, Animation, Anthology"
TV Show,Star Wars Rebels,United States,2019-11-12T00:00:00Z,2014,TV-Y7,4 Seasons,"Action-Adventure, Animation, Kids"
TV Show,Star Wars: Blips,United States,2019-11-12T00:00:00Z,2019,TV-Y7-FV,1 Season,Series
TV Show,TaleSpin,United States,2019-11-12T00:00:00Z,1990,TV-G,1 Season,"Action-Adventure, Animation, Kids"
TV Show,The Adventures of Spin and Marty,United States,2019-11-12T00:00:00Z,1955,TV-G,1 Season,"Buddy, Coming of Age, Family"
TV Show,The Avengers: Earth's Mightiest Heroes,United States,2019-11-12T00:00:00Z,2010,TV-Y7,2 Seasons,"Action-Adventure, Animation, Kids"
TV Show,The Avengers: United They Stand,France,2019-11-12T00:00:00Z,1999,TV-Y7,1 Season,"Action-Adventure, Animation, Kids"
TV Show,The Avengers: United They Stand,Canada,2019-11-12T00:00:00Z,1999,TV-Y7,1 Season,"Action-Adventure, Animation, Kids"
TV Show,The Avengers: United They Stand,United States,2019-11-12T00:00:00Z,1999,TV-Y7,1 Season,"Action-Adventure, Animation, Kids"
TV Show,The Book of Pooh,United States,2019-11-12T00:00:00Z,2000,TV-Y,2 Seasons,"Comedy, Kids"
TV Show,The Imagineering Story,United States,2019-11-12T00:00:00Z,2019,TV-PG,1 Season,"Docuseries, Historical"
TV Show,The Muppets (Series),United States,2019-11-12T00:00:00Z,2015,TV-PG,1 Season,Comedy
TV Show,The New Adventures of Winnie the Pooh,United States,2019-11-12T00:00:00Z,1988,TV-Y,4 Seasons,"Animation, Kids"
TV Show,The Replacements,United States,2019-11-12T00:00:00Z,2006,TV-G,1 Season,"Animation, Comedy, Family"
TV Show,The Suite Life of Zack & Cody,United States,2019-11-12T00:00:00Z,2004,TV-G,3 Seasons,"Action-Adventure, Comedy, Coming of Age"
TV Show,The Suite Life On Deck,United States,2019-11-12T00:00:00Z,2008,TV-G,3 Seasons,"Action-Adventure, Comedy, Coming of Age"
TV Show,The World According to Jeff Goldblum,United States,2019-11-12T00:00:00Z,2019,TV-PG,2 Seasons,Docuseries
TV Show,Timon & Pumbaa,United States,2019-11-12T00:00:00Z,1995,TV-Y,3 Seasons,"Animation, Buddy, Comedy"
TV Show,Wild Yellowstone,Germany,2019-11-12T00:00:00Z,2015,TV-PG,1 Season,"Animals & Nature, Docuseries, Travel"
TV Show,Wizards of Waverly Place,United States,2019-11-12T00:00:00Z,2007,TV-G,4 Seasons,"Comedy, Coming of Age, Fantasy"
TV Show,Wolverine and The X-Men,United States,2019-11-12T00:00:00Z,2008,TV-Y7,1 Season,"Action-Adventure, Animation, Kids"
TV Show,X-Men: Evolution,United States,2019-11-12T00:00:00Z,2000,TV-Y7,4 Seasons,"Action-Adventure, Animation, Kids"
TV Show,Smart Guy,United States,2019-10-01T00:00:00Z,1996,TV-G,3 Seasons,"Comedy, Coming of Age, Kids"
TV Show,Disney Kirby Buckets,United States,NA,2014,TV-Y7,3 Seasons,"Action-Adventure, Comedy, Coming of Age"
TV Show,Disney Mech-X4,Canada,NA,2016,TV-Y7,2 Seasons,"Action-Adventure, Comedy, Science Fiction"
TV Show,Imagination Movers,United States,NA,2008,TV-Y,3 Seasons,"Kids, Music"
